{"iterations": [150, 160, 170, 180, 190, 200, 210, 220, 230, 240, 250, 260, 270, 280, 290, 300, 310, 320, 330, 340, 350, 360, 370, 380, 390, 400, 410, 420, 430, 440, 450, 460], "timestamps": [1.7674565315246582, 1.971431016921997, 2.1640281677246094, 2.358187675476074, 2.5501644611358643, 2.7425856590270996, 2.9412615299224854, 3.1335744857788086, 3.326497793197632, 3.519615650177002, 3.712475061416626, 3.9208736419677734, 4.123317241668701, 4.318250417709351, 4.514591217041016, 4.710824728012085, 4.905978441238403, 5.103382349014282, 5.295340299606323, 5.508896589279175, 5.686621904373169, 5.873271703720093, 6.053083658218384, 6.235018968582153, 6.418004989624023, 6.613069534301758, 6.794631242752075, 6.971580743789673, 7.15091872215271, 7.327213525772095, 7.505075216293335, 7.6913001537323]}