{"iterations": [0, 10, 20, 30, 40, 50, 60, 70, 80, 90, 100, 110, 120, 130, 140, 150, 160, 170, 180, 190], "timestamps": [0.8852360248565674, 3.9269814491271973, 6.735671043395996, 9.322658777236938, 12.332763910293579, 15.143957614898682, 18.08797860145569, 20.901302576065063, 23.528796434402466, 26.153387308120728, 28.81689190864563, 32.032952308654785, 34.651660680770874, 37.494131088256836, 40.08023715019226, 42.61107158660889, 45.562233686447144, 48.3520233631134, 50.898244857788086, 53.63073801994324]}
{"iterations": [150, 160, 170, 180, 190], "timestamps": [14.83673882484436, 17.891839742660522, 20.52331018447876, 23.15866994857788, 25.790419340133667]}
{"iterations": [150, 160, 170, 180, 190], "timestamps": [14.637425899505615, 17.912194967269897, 20.46126937866211, 23.461893558502197, 25.972216844558716]}
