{"iterations": [150, 160, 170, 180, 190], "timestamps": [14.902407169342041, 18.295902729034424, 21.070548057556152, 23.651869535446167, 26.262529850006104]}
